{"stats":{"minecraft:dropped":{"minecraft:dirt":1},"minecraft:crafted":{"minecraft:oak_planks":12,"minecraft:crafting_table":1,"minecraft:stick":4,"minecraft:wooden_axe":1},"minecraft:killed":{"minecraft:sheep":1,"minecraft:pig":4},"minecraft:custom":{"minecraft:time_since_rest":9833,"minecraft:play_time":9833,"minecraft:sprint_one_cm":18150,"minecraft:walk_one_cm":5718,"minecraft:sneak_time":3,"minecraft:walk_under_water_one_cm":826,"minecraft:mob_kills":5,"minecraft:drop":1,"minecraft:jump":76,"minecraft:damage_dealt":480,"minecraft:time_since_death":9833,"minecraft:leave_game":2,"minecraft:walk_on_water_one_cm":385,"minecraft:total_world_time":9833,"minecraft:swim_one_cm":1034,"minecraft:interact_with_crafting_table":1,"minecraft:fall_one_cm":2624,"minecraft:fly_one_cm":17856},"minecraft:used":{"minecraft:wooden_axe":18,"minecraft:crafting_table":1},"minecraft:mined":{"minecraft:grass":4,"minecraft:grass_block":2,"minecraft:oak_log":8,"minecraft:dandelion":2,"minecraft:crafting_table":1},"minecraft:picked_up":{"minecraft:stick":1,"minecraft:crafting_table":1,"minecraft:dandelion":2,"minecraft:wheat_seeds":2,"minecraft:porkchop":9,"minecraft:oak_log":8,"minecraft:oak_sapling":3,"minecraft:mutton":2,"minecraft:white_wool":1,"minecraft:dirt":2}},"DataVersion":3465}