{"stats":{"minecraft:picked_up":{"minecraft:crafting_table":4,"minecraft:andesite":53,"minecraft:leather":4,"minecraft:oak_log":13,"minecraft:gunpowder":3,"minecraft:amethyst_block":6,"minecraft:lapis_lazuli":68,"minecraft:dirt":48,"minecraft:string":1,"minecraft:raw_copper":22,"minecraft:bone":10,"minecraft:wheat_seeds":2,"minecraft:beef":5,"minecraft:calcite":3,"minecraft:smooth_basalt":2,"minecraft:raw_iron":56,"minecraft:stick":3,"minecraft:torch":5,"minecraft:dandelion":2,"minecraft:gravel":1,"minecraft:porkchop":14,"minecraft:diorite":2,"minecraft:arrow":8,"minecraft:rotten_flesh":8,"minecraft:granite":4,"minecraft:oak_sapling":4,"minecraft:mutton":2,"minecraft:coal":45,"minecraft:white_wool":1,"minecraft:cobblestone":161},"minecraft:custom":{"minecraft:interact_with_furnace":11,"minecraft:mob_kills":35,"minecraft:interact_with_crafting_table":9,"minecraft:leave_game":2,"minecraft:time_since_death":28632,"minecraft:time_since_rest":28665,"minecraft:sprint_one_cm":141927,"minecraft:damage_taken":1920,"minecraft:walk_one_cm":107010,"minecraft:damage_blocked_by_shield":715,"minecraft:drop":8,"minecraft:damage_dealt":5420,"minecraft:swim_one_cm":40922,"minecraft:fly_one_cm":99637,"minecraft:open_chest":1,"minecraft:crouch_one_cm":3317,"minecraft:play_time":63587,"minecraft:deaths":2,"minecraft:sneak_time":1096,"minecraft:walk_under_water_one_cm":9160,"minecraft:jump":804,"minecraft:walk_on_water_one_cm":15178,"minecraft:total_world_time":63587,"minecraft:fall_one_cm":28569},"minecraft:killed_by":{"minecraft:zombie":1},"minecraft:used":{"minecraft:stone_pickaxe":346,"minecraft:shield":26,"minecraft:wooden_pickaxe":17,"minecraft:torch":63,"minecraft:dirt":26,"minecraft:crafting_table":5,"minecraft:wooden_axe":43,"minecraft:stone_axe":59,"minecraft:cobblestone":42,"minecraft:furnace":2,"minecraft:cooked_porkchop":12,"minecraft:cooked_beef":5},"minecraft:killed":{"minecraft:pig":7,"minecraft:spider":3,"minecraft:creeper":2,"minecraft:sheep":1,"minecraft:skeleton":7,"minecraft:zombie":8,"minecraft:drowned":1,"minecraft:cow":3},"minecraft:dropped":{"minecraft:gravel":1,"minecraft:wheat_seeds":2,"minecraft:rotten_flesh":1,"minecraft:dirt":1,"minecraft:diorite":2,"minecraft:oak_sapling":4,"minecraft:wooden_pickaxe":1,"minecraft:dandelion":2},"minecraft:crafted":{"minecraft:cooked_beef":5,"minecraft:oak_planks":52,"minecraft:cooked_porkchop":14,"minecraft:crafting_table":2,"minecraft:wooden_pickaxe":1,"minecraft:furnace":2,"minecraft:stone_axe":1,"minecraft:cooked_mutton":2,"minecraft:air":0,"minecraft:shield":1,"minecraft:stick":32,"minecraft:iron_ingot":1,"minecraft:stone_pickaxe":3,"minecraft:wooden_axe":1,"minecraft:torch":84},"minecraft:broken":{"minecraft:stone_pickaxe":2,"minecraft:wooden_axe":1},"minecraft:mined":{"minecraft:medium_amethyst_bud":1,"minecraft:dandelion":2,"minecraft:crafting_table":4,"minecraft:torch":3,"minecraft:granite":4,"minecraft:budding_amethyst":1,"minecraft:calcite":3,"minecraft:grass_block":6,"minecraft:copper_ore":6,"minecraft:lapis_ore":11,"minecraft:wall_torch":3,"minecraft:amethyst_block":6,"minecraft:spawner":1,"minecraft:seagrass":8,"minecraft:tall_seagrass":24,"minecraft:furnace":1,"minecraft:iron_ore":56,"minecraft:andesite":53,"minecraft:grass":6,"minecraft:oak_log":13,"minecraft:coal_ore":42,"minecraft:dirt":16,"minecraft:smooth_basalt":2,"minecraft:stone":158}},"DataVersion":3465}