{"stats":{"minecraft:picked_up":{"minecraft:stick":3,"minecraft:crafting_table":3,"minecraft:dandelion":2,"minecraft:porkchop":14,"minecraft:oak_log":13,"minecraft:dirt":14,"minecraft:rotten_flesh":2,"minecraft:wheat_seeds":2,"minecraft:beef":1,"minecraft:oak_sapling":4,"minecraft:mutton":2,"minecraft:white_wool":1,"minecraft:cobblestone":42},"minecraft:custom":{"minecraft:interact_with_furnace":4,"minecraft:time_since_rest":27587,"minecraft:sprint_one_cm":45537,"minecraft:damage_taken":490,"minecraft:walk_one_cm":26291,"minecraft:mob_kills":15,"minecraft:drop":2,"minecraft:damage_dealt":2040,"minecraft:interact_with_crafting_table":5,"minecraft:swim_one_cm":19351,"minecraft:fly_one_cm":42925,"minecraft:crouch_one_cm":133,"minecraft:play_time":27587,"minecraft:sneak_time":81,"minecraft:walk_under_water_one_cm":5635,"minecraft:jump":265,"minecraft:leave_game":2,"minecraft:time_since_death":27587,"minecraft:walk_on_water_one_cm":3978,"minecraft:total_world_time":27587,"minecraft:fall_one_cm":8131},"minecraft:used":{"minecraft:wooden_axe":43,"minecraft:stone_pickaxe":40,"minecraft:wooden_pickaxe":16,"minecraft:stone_axe":6,"minecraft:dirt":1,"minecraft:crafting_table":3,"minecraft:furnace":1,"minecraft:cooked_porkchop":5},"minecraft:dropped":{"minecraft:dirt":1,"minecraft:rotten_flesh":1},"minecraft:killed":{"minecraft:skeleton":1,"minecraft:sheep":1,"minecraft:zombie":3,"minecraft:pig":7,"minecraft:spider":1,"minecraft:drowned":1,"minecraft:cow":1},"minecraft:broken":{"minecraft:wooden_axe":1},"minecraft:crafted":{"minecraft:oak_planks":52,"minecraft:cooked_porkchop":9,"minecraft:crafting_table":1,"minecraft:stick":8,"minecraft:wooden_pickaxe":1,"minecraft:stone_pickaxe":1,"minecraft:wooden_axe":1,"minecraft:furnace":1,"minecraft:stone_axe":1,"minecraft:cooked_mutton":2,"minecraft:air":0},"minecraft:mined":{"minecraft:tall_seagrass":24,"minecraft:seagrass":8,"minecraft:furnace":1,"minecraft:dandelion":2,"minecraft:crafting_table":3,"minecraft:grass":5,"minecraft:grass_block":4,"minecraft:oak_log":13,"minecraft:dirt":10,"minecraft:stone":42}},"DataVersion":3465}