{"stats":{"minecraft:picked_up":{"minecraft:stick":3,"minecraft:crafting_table":1,"minecraft:dandelion":2,"minecraft:porkchop":9,"minecraft:oak_log":13,"minecraft:dirt":14,"minecraft:wheat_seeds":2,"minecraft:oak_sapling":4,"minecraft:mutton":2,"minecraft:white_wool":1,"minecraft:cobblestone":42},"minecraft:custom":{"minecraft:time_since_rest":15587,"minecraft:sprint_one_cm":30414,"minecraft:damage_taken":80,"minecraft:walk_one_cm":12822,"minecraft:mob_kills":5,"minecraft:drop":1,"minecraft:damage_dealt":480,"minecraft:interact_with_crafting_table":3,"minecraft:swim_one_cm":17046,"minecraft:fly_one_cm":28831,"minecraft:crouch_one_cm":120,"minecraft:play_time":15587,"minecraft:sneak_time":68,"minecraft:walk_under_water_one_cm":5458,"minecraft:jump":150,"minecraft:leave_game":2,"minecraft:time_since_death":15587,"minecraft:walk_on_water_one_cm":3137,"minecraft:total_world_time":15587,"minecraft:fall_one_cm":5519},"minecraft:used":{"minecraft:wooden_axe":24,"minecraft:stone_pickaxe":38,"minecraft:wooden_pickaxe":16,"minecraft:dirt":1,"minecraft:crafting_table":2},"minecraft:dropped":{"minecraft:dirt":1},"minecraft:killed":{"minecraft:sheep":1,"minecraft:pig":4},"minecraft:crafted":{"minecraft:oak_planks":52,"minecraft:crafting_table":1,"minecraft:stick":8,"minecraft:wooden_pickaxe":1,"minecraft:stone_pickaxe":1,"minecraft:wooden_axe":1},"minecraft:mined":{"minecraft:tall_seagrass":24,"minecraft:seagrass":8,"minecraft:dandelion":2,"minecraft:crafting_table":1,"minecraft:grass":4,"minecraft:grass_block":4,"minecraft:oak_log":13,"minecraft:dirt":10,"minecraft:stone":42}},"DataVersion":3465}