{"stats":{"minecraft:killed":{"minecraft:skeleton":1,"minecraft:chicken":3,"minecraft:spider":1,"minecraft:cow":3},"minecraft:picked_up":{"minecraft:raw_iron":2,"minecraft:crafting_table":2,"minecraft:feather":4,"minecraft:chicken":3,"minecraft:leather":3,"minecraft:oak_log":5,"minecraft:diorite":1,"minecraft:dirt":2,"minecraft:raw_copper":86,"minecraft:arrow":2,"minecraft:beef":5,"minecraft:coal":67,"minecraft:furnace":1,"minecraft:cobblestone":46,"minecraft:egg":1},"minecraft:custom":{"minecraft:time_since_rest":16441,"minecraft:interact_with_furnace":7,"minecraft:sprint_one_cm":48413,"minecraft:damage_taken":230,"minecraft:walk_one_cm":35703,"minecraft:mob_kills":8,"minecraft:drop":3,"minecraft:damage_dealt":779,"minecraft:interact_with_crafting_table":13,"minecraft:fly_one_cm":29274,"minecraft:crouch_one_cm":1530,"minecraft:play_time":16441,"minecraft:sneak_time":365,"minecraft:jump":226,"minecraft:time_since_death":16441,"minecraft:total_world_time":16441,"minecraft:fall_one_cm":2779},"minecraft:crafted":{"minecraft:cooked_beef":5,"minecraft:oak_planks":20,"minecraft:crafting_table":1,"minecraft:stick":16,"minecraft:wooden_pickaxe":1,"minecraft:stone_pickaxe":1,"minecraft:wooden_axe":1,"minecraft:furnace":1,"minecraft:torch":32,"minecraft:stone_axe":1,"minecraft:air":0},"minecraft:used":{"minecraft:wooden_axe":19,"minecraft:stone_pickaxe":113,"minecraft:wooden_pickaxe":16,"minecraft:stone_axe":1,"minecraft:torch":8,"minecraft:crafting_table":2,"minecraft:furnace":1,"minecraft:egg":1,"minecraft:cooked_beef":3},"minecraft:mined":{"minecraft:furnace":1,"minecraft:iron_ore":2,"minecraft:crafting_table":2,"minecraft:grass":5,"minecraft:oak_log":5,"minecraft:grass_block":2,"minecraft:coal_ore":56,"minecraft:copper_ore":23,"minecraft:tall_grass":2,"minecraft:stone":46,"minecraft:diorite":1,"minecraft:oak_leaves":2},"minecraft:dropped":{"minecraft:dirt":2,"minecraft:diorite":1}},"DataVersion":3465}