{"stats":{"minecraft:custom":{"minecraft:interact_with_furnace":10,"minecraft:mob_kills":24,"minecraft:traded_with_villager":18,"minecraft:interact_with_crafting_table":15,"minecraft:leave_game":3,"minecraft:time_since_death":43016,"minecraft:sleep_in_bed":3,"minecraft:time_since_rest":5412,"minecraft:sprint_one_cm":117683,"minecraft:damage_taken":305,"minecraft:walk_one_cm":75077,"minecraft:drop":6,"minecraft:damage_dealt":1988,"minecraft:swim_one_cm":2489,"minecraft:talked_to_villager":18,"minecraft:fly_one_cm":95456,"minecraft:open_chest":2,"minecraft:crouch_one_cm":1560,"minecraft:play_time":43016,"minecraft:sneak_time":398,"minecraft:walk_under_water_one_cm":687,"minecraft:jump":525,"minecraft:walk_on_water_one_cm":423,"minecraft:total_world_time":43016,"minecraft:fall_one_cm":9722},"minecraft:mined":{"minecraft:white_bed":3,"minecraft:oak_fence":1,"minecraft:crafting_table":3,"minecraft:blast_furnace":1,"minecraft:grass_block":3,"minecraft:tall_grass":2,"minecraft:copper_ore":23,"minecraft:diorite":1,"minecraft:hay_block":41,"minecraft:furnace":1,"minecraft:birch_log":6,"minecraft:iron_ore":2,"minecraft:grass":9,"minecraft:oak_log":26,"minecraft:coal_ore":56,"minecraft:stone":46,"minecraft:oak_leaves":7},"minecraft:killed":{"minecraft:pig":3,"minecraft:spider":1,"minecraft:squid":1,"minecraft:sheep":3,"minecraft:skeleton":1,"minecraft:zombie":3,"minecraft:chicken":7,"minecraft:cow":4},"minecraft:crafted":{"minecraft:cooked_beef":5,"minecraft:oak_planks":36,"minecraft:emerald":18,"minecraft:crafting_table":1,"minecraft:wooden_pickaxe":1,"minecraft:furnace":1,"minecraft:stone_axe":1,"minecraft:air":0,"minecraft:stick":16,"minecraft:stone_pickaxe":1,"minecraft:wooden_axe":1,"minecraft:white_bed":1,"minecraft:torch":32,"minecraft:wheat":369},"minecraft:picked_up":{"minecraft:birch_log":6,"minecraft:crafting_table":3,"minecraft:feather":8,"minecraft:chicken":7,"minecraft:leather":4,"minecraft:oak_log":26,"minecraft:dirt":2,"minecraft:raw_copper":86,"minecraft:beef":6,"minecraft:stone_pickaxe":1,"minecraft:birch_sapling":2,"minecraft:egg":2,"minecraft:furnace":1,"minecraft:stick":2,"minecraft:raw_iron":3,"minecraft:oak_fence":1,"minecraft:porkchop":7,"minecraft:blast_furnace":1,"minecraft:ink_sac":3,"minecraft:diorite":1,"minecraft:white_bed":3,"minecraft:arrow":2,"minecraft:rotten_flesh":5,"minecraft:hay_block":41,"minecraft:oak_sapling":7,"minecraft:mutton":5,"minecraft:coal":67,"minecraft:white_wool":3,"minecraft:cobblestone":46},"minecraft:used":{"minecraft:stone_pickaxe":113,"minecraft:wooden_pickaxe":17,"minecraft:torch":8,"minecraft:crafting_table":3,"minecraft:white_bed":3,"minecraft:oak_log":1,"minecraft:wooden_axe":19,"minecraft:bread":2,"minecraft:stone_axe":90,"minecraft:furnace":2,"minecraft:egg":1,"minecraft:cooked_beef":5},"minecraft:dropped":{"minecraft:raw_iron":1,"minecraft:oak_fence":1,"minecraft:dirt":2,"minecraft:diorite":1,"minecraft:stone_pickaxe":1}},"DataVersion":3465}