{"stats":{"minecraft:picked_up":{"minecraft:crafting_table":4,"minecraft:andesite":53,"minecraft:leather":4,"minecraft:oak_log":13,"minecraft:gunpowder":3,"minecraft:lapis_lazuli":57,"minecraft:dirt":48,"minecraft:string":1,"minecraft:raw_copper":22,"minecraft:bone":8,"minecraft:wheat_seeds":2,"minecraft:beef":5,"minecraft:raw_iron":20,"minecraft:stick":3,"minecraft:torch":3,"minecraft:dandelion":2,"minecraft:gravel":1,"minecraft:porkchop":14,"minecraft:diorite":2,"minecraft:arrow":5,"minecraft:rotten_flesh":8,"minecraft:oak_sapling":4,"minecraft:mutton":2,"minecraft:coal":32,"minecraft:white_wool":1,"minecraft:cobblestone":153},"minecraft:custom":{"minecraft:interact_with_furnace":11,"minecraft:mob_kills":31,"minecraft:interact_with_crafting_table":9,"minecraft:leave_game":2,"minecraft:time_since_death":16632,"minecraft:time_since_rest":16665,"minecraft:sprint_one_cm":107632,"minecraft:damage_taken":1640,"minecraft:walk_one_cm":81296,"minecraft:damage_blocked_by_shield":60,"minecraft:drop":2,"minecraft:damage_dealt":4857,"minecraft:swim_one_cm":33873,"minecraft:fly_one_cm":82774,"minecraft:open_chest":1,"minecraft:crouch_one_cm":285,"minecraft:play_time":51587,"minecraft:deaths":2,"minecraft:sneak_time":372,"minecraft:walk_under_water_one_cm":8201,"minecraft:jump":626,"minecraft:walk_on_water_one_cm":13890,"minecraft:total_world_time":51587,"minecraft:fall_one_cm":24218},"minecraft:killed_by":{"minecraft:zombie":1},"minecraft:used":{"minecraft:stone_pickaxe":269,"minecraft:shield":2,"minecraft:wooden_pickaxe":17,"minecraft:torch":38,"minecraft:dirt":26,"minecraft:crafting_table":5,"minecraft:wooden_axe":43,"minecraft:stone_axe":50,"minecraft:cobblestone":2,"minecraft:furnace":2,"minecraft:cooked_porkchop":9,"minecraft:cooked_beef":4},"minecraft:dropped":{"minecraft:rotten_flesh":1,"minecraft:dirt":1},"minecraft:killed":{"minecraft:pig":7,"minecraft:spider":3,"minecraft:creeper":2,"minecraft:sheep":1,"minecraft:skeleton":4,"minecraft:zombie":7,"minecraft:drowned":1,"minecraft:cow":3},"minecraft:crafted":{"minecraft:cooked_beef":5,"minecraft:oak_planks":52,"minecraft:cooked_porkchop":14,"minecraft:crafting_table":2,"minecraft:wooden_pickaxe":1,"minecraft:furnace":2,"minecraft:stone_axe":1,"minecraft:cooked_mutton":2,"minecraft:air":0,"minecraft:shield":1,"minecraft:stick":32,"minecraft:iron_ingot":1,"minecraft:stone_pickaxe":3,"minecraft:wooden_axe":1,"minecraft:torch":84},"minecraft:broken":{"minecraft:stone_pickaxe":2,"minecraft:wooden_axe":1},"minecraft:mined":{"minecraft:dandelion":2,"minecraft:crafting_table":4,"minecraft:torch":2,"minecraft:grass_block":6,"minecraft:copper_ore":6,"minecraft:lapis_ore":9,"minecraft:wall_torch":2,"minecraft:spawner":1,"minecraft:seagrass":8,"minecraft:tall_seagrass":24,"minecraft:furnace":1,"minecraft:iron_ore":20,"minecraft:andesite":53,"minecraft:grass":6,"minecraft:oak_log":13,"minecraft:coal_ore":29,"minecraft:dirt":16,"minecraft:stone":149}},"DataVersion":3465}