{"stats":{"minecraft:picked_up":{"minecraft:crafting_table":5,"minecraft:andesite":53,"minecraft:leather":4,"minecraft:oak_log":13,"minecraft:gunpowder":3,"minecraft:amethyst_block":6,"minecraft:lapis_lazuli":68,"minecraft:dirt":48,"minecraft:string":1,"minecraft:raw_copper":62,"minecraft:bone":15,"minecraft:bow":1,"minecraft:wheat_seeds":2,"minecraft:beef":5,"minecraft:calcite":3,"minecraft:furnace":1,"minecraft:smooth_basalt":2,"minecraft:raw_iron":60,"minecraft:stick":3,"minecraft:torch":7,"minecraft:dandelion":2,"minecraft:gravel":1,"minecraft:porkchop":14,"minecraft:diorite":2,"minecraft:arrow":12,"minecraft:rotten_flesh":9,"minecraft:granite":4,"minecraft:oak_sapling":4,"minecraft:mutton":2,"minecraft:coal":95,"minecraft:white_wool":1,"minecraft:cobblestone":187},"minecraft:custom":{"minecraft:interact_with_furnace":14,"minecraft:mob_kills":42,"minecraft:interact_with_crafting_table":12,"minecraft:leave_game":2,"minecraft:time_since_death":40632,"minecraft:time_since_rest":40665,"minecraft:sprint_one_cm":171844,"minecraft:damage_taken":2172,"minecraft:walk_one_cm":132195,"minecraft:damage_blocked_by_shield":1075,"minecraft:drop":8,"minecraft:damage_dealt":6670,"minecraft:swim_one_cm":40922,"minecraft:fly_one_cm":114186,"minecraft:open_chest":2,"minecraft:crouch_one_cm":3317,"minecraft:play_time":75587,"minecraft:deaths":2,"minecraft:sneak_time":1106,"minecraft:walk_under_water_one_cm":9160,"minecraft:jump":986,"minecraft:interact_with_blast_furnace":3,"minecraft:walk_on_water_one_cm":15178,"minecraft:total_world_time":75587,"minecraft:fall_one_cm":30753},"minecraft:killed_by":{"minecraft:zombie":1},"minecraft:used":{"minecraft:stone_pickaxe":421,"minecraft:shield":34,"minecraft:wooden_pickaxe":17,"minecraft:stone":1,"minecraft:torch":83,"minecraft:dirt":26,"minecraft:crafting_table":6,"minecraft:blast_furnace":1,"minecraft:wooden_axe":43,"minecraft:iron_axe":8,"minecraft:bread":1,"minecraft:stone_axe":70,"minecraft:cobblestone":59,"minecraft:furnace":2,"minecraft:cooked_porkchop":13,"minecraft:cooked_beef":5},"minecraft:killed":{"minecraft:pig":7,"minecraft:spider":3,"minecraft:creeper":2,"minecraft:sheep":1,"minecraft:skeleton":12,"minecraft:zombie":10,"minecraft:drowned":1,"minecraft:cow":3},"minecraft:dropped":{"minecraft:gravel":1,"minecraft:wheat_seeds":2,"minecraft:rotten_flesh":1,"minecraft:dirt":1,"minecraft:diorite":2,"minecraft:oak_sapling":4,"minecraft:wooden_pickaxe":1,"minecraft:dandelion":2},"minecraft:crafted":{"minecraft:cooked_beef":5,"minecraft:smooth_stone":3,"minecraft:oak_planks":52,"minecraft:cooked_porkchop":14,"minecraft:crafting_table":2,"minecraft:wooden_pickaxe":1,"minecraft:furnace":2,"minecraft:blast_furnace":1,"minecraft:stone":4,"minecraft:stone_axe":1,"minecraft:cooked_mutton":2,"minecraft:air":0,"minecraft:iron_chestplate":1,"minecraft:shield":1,"minecraft:iron_axe":1,"minecraft:stick":48,"minecraft:iron_ingot":60,"minecraft:stone_pickaxe":4,"minecraft:wooden_axe":1,"minecraft:iron_leggings":1,"minecraft:torch":140},"minecraft:broken":{"minecraft:stone_pickaxe":3,"minecraft:stone_axe":1,"minecraft:wooden_axe":1},"minecraft:mined":{"minecraft:medium_amethyst_bud":1,"minecraft:dandelion":2,"minecraft:glow_lichen":1,"minecraft:crafting_table":5,"minecraft:torch":5,"minecraft:granite":4,"minecraft:budding_amethyst":1,"minecraft:calcite":3,"minecraft:grass_block":6,"minecraft:copper_ore":17,"minecraft:lapis_ore":11,"minecraft:wall_torch":3,"minecraft:amethyst_block":6,"minecraft:spawner":1,"minecraft:seagrass":8,"minecraft:tall_seagrass":24,"minecraft:furnace":2,"minecraft:iron_ore":60,"minecraft:andesite":53,"minecraft:grass":6,"minecraft:oak_log":13,"minecraft:coal_ore":73,"minecraft:dirt":16,"minecraft:smooth_basalt":2,"minecraft:stone":185}},"DataVersion":3465}