{"stats":{"minecraft:killed":{"minecraft:skeleton":1,"minecraft:cow":1},"minecraft:crafted":{"minecraft:oak_planks":20,"minecraft:torch":4,"minecraft:crafting_table":1,"minecraft:furnace":1,"minecraft:stick":8,"minecraft:wooden_pickaxe":1,"minecraft:wooden_axe":1},"minecraft:picked_up":{"minecraft:crafting_table":1,"minecraft:arrow":2,"minecraft:beef":1,"minecraft:oak_log":5,"minecraft:cobblestone":13,"minecraft:coal":3,"minecraft:dirt":2},"minecraft:custom":{"minecraft:time_since_rest":4441,"minecraft:play_time":4441,"minecraft:crouch_one_cm":1245,"minecraft:sprint_one_cm":16134,"minecraft:damage_taken":160,"minecraft:walk_one_cm":11717,"minecraft:sneak_time":247,"minecraft:mob_kills":2,"minecraft:drop":2,"minecraft:jump":79,"minecraft:damage_dealt":299,"minecraft:time_since_death":4441,"minecraft:interact_with_furnace":1,"minecraft:total_world_time":4441,"minecraft:interact_with_crafting_table":2,"minecraft:fall_one_cm":1103,"minecraft:fly_one_cm":12130},"minecraft:used":{"minecraft:wooden_axe":7,"minecraft:crafting_table":2,"minecraft:furnace":1,"minecraft:wooden_pickaxe":16,"minecraft:torch":3},"minecraft:mined":{"minecraft:coal_ore":3,"minecraft:grass":4,"minecraft:grass_block":2,"minecraft:oak_log":5,"minecraft:tall_grass":2,"minecraft:stone":13,"minecraft:crafting_table":1,"minecraft:oak_leaves":2},"minecraft:dropped":{"minecraft:dirt":2}},"DataVersion":3465}