{"stats":{"minecraft:picked_up":{"minecraft:stick":3,"minecraft:crafting_table":3,"minecraft:andesite":51,"minecraft:leather":4,"minecraft:dandelion":2,"minecraft:porkchop":14,"minecraft:oak_log":13,"minecraft:gunpowder":3,"minecraft:string":1,"minecraft:dirt":41,"minecraft:raw_copper":2,"minecraft:bone":2,"minecraft:arrow":2,"minecraft:rotten_flesh":7,"minecraft:wheat_seeds":2,"minecraft:beef":5,"minecraft:oak_sapling":4,"minecraft:coal":13,"minecraft:mutton":2,"minecraft:white_wool":1,"minecraft:cobblestone":43,"minecraft:raw_iron":1},"minecraft:custom":{"minecraft:interact_with_furnace":5,"minecraft:time_since_rest":4665,"minecraft:sprint_one_cm":77558,"minecraft:damage_taken":1425,"minecraft:walk_one_cm":55367,"minecraft:mob_kills":27,"minecraft:drop":2,"minecraft:damage_dealt":4030,"minecraft:interact_with_crafting_table":6,"minecraft:swim_one_cm":33873,"minecraft:fly_one_cm":66839,"minecraft:deaths":2,"minecraft:crouch_one_cm":158,"minecraft:play_time":39587,"minecraft:sneak_time":134,"minecraft:walk_under_water_one_cm":8201,"minecraft:jump":477,"minecraft:leave_game":2,"minecraft:time_since_death":4632,"minecraft:walk_on_water_one_cm":12551,"minecraft:total_world_time":39587,"minecraft:fall_one_cm":21671},"minecraft:killed_by":{"minecraft:zombie":1},"minecraft:used":{"minecraft:wooden_axe":43,"minecraft:stone_pickaxe":103,"minecraft:wooden_pickaxe":17,"minecraft:torch":16,"minecraft:stone_axe":37,"minecraft:dirt":26,"minecraft:crafting_table":4,"minecraft:furnace":2,"minecraft:cooked_porkchop":9},"minecraft:dropped":{"minecraft:dirt":1,"minecraft:rotten_flesh":1},"minecraft:killed":{"minecraft:skeleton":2,"minecraft:sheep":1,"minecraft:zombie":6,"minecraft:pig":7,"minecraft:spider":3,"minecraft:drowned":1,"minecraft:creeper":2,"minecraft:cow":3},"minecraft:broken":{"minecraft:wooden_axe":1},"minecraft:crafted":{"minecraft:oak_planks":52,"minecraft:cooked_porkchop":9,"minecraft:crafting_table":1,"minecraft:stick":16,"minecraft:wooden_pickaxe":1,"minecraft:stone_pickaxe":1,"minecraft:wooden_axe":1,"minecraft:furnace":2,"minecraft:torch":24,"minecraft:stone_axe":1,"minecraft:cooked_mutton":2,"minecraft:air":0},"minecraft:mined":{"minecraft:tall_seagrass":24,"minecraft:seagrass":8,"minecraft:furnace":1,"minecraft:andesite":51,"minecraft:dandelion":2,"minecraft:torch":1,"minecraft:crafting_table":3,"minecraft:grass":6,"minecraft:coal_ore":10,"minecraft:grass_block":6,"minecraft:oak_log":13,"minecraft:dirt":16,"minecraft:stone":43}},"DataVersion":3465}