{"stats":{"minecraft:mined":{"minecraft:white_bed":2,"minecraft:crafting_table":3,"minecraft:blast_furnace":1,"minecraft:grass_block":3,"minecraft:tall_grass":2,"minecraft:copper_ore":23,"minecraft:diorite":1,"minecraft:hay_block":41,"minecraft:furnace":1,"minecraft:iron_ore":2,"minecraft:grass":9,"minecraft:oak_log":10,"minecraft:coal_ore":56,"minecraft:stone":46,"minecraft:oak_leaves":6},"minecraft:custom":{"minecraft:interact_with_furnace":7,"minecraft:mob_kills":21,"minecraft:traded_with_villager":18,"minecraft:interact_with_crafting_table":15,"minecraft:leave_game":3,"minecraft:time_since_death":37169,"minecraft:sleep_in_bed":2,"minecraft:time_since_rest":7610,"minecraft:sprint_one_cm":105789,"minecraft:damage_taken":255,"minecraft:walk_one_cm":65277,"minecraft:drop":4,"minecraft:damage_dealt":1689,"minecraft:swim_one_cm":2489,"minecraft:talked_to_villager":18,"minecraft:fly_one_cm":87285,"minecraft:open_chest":2,"minecraft:crouch_one_cm":1560,"minecraft:play_time":37169,"minecraft:sneak_time":392,"minecraft:walk_under_water_one_cm":687,"minecraft:jump":474,"minecraft:walk_on_water_one_cm":423,"minecraft:total_world_time":37169,"minecraft:fall_one_cm":9037},"minecraft:used":{"minecraft:stone_pickaxe":113,"minecraft:wooden_pickaxe":17,"minecraft:torch":8,"minecraft:crafting_table":3,"minecraft:white_bed":2,"minecraft:oak_log":1,"minecraft:wooden_axe":19,"minecraft:stone_axe":56,"minecraft:furnace":1,"minecraft:egg":1,"minecraft:cooked_beef":5},"minecraft:picked_up":{"minecraft:crafting_table":3,"minecraft:feather":8,"minecraft:chicken":7,"minecraft:leather":4,"minecraft:oak_log":10,"minecraft:dirt":2,"minecraft:raw_copper":86,"minecraft:beef":6,"minecraft:egg":2,"minecraft:furnace":1,"minecraft:raw_iron":3,"minecraft:porkchop":7,"minecraft:blast_furnace":1,"minecraft:ink_sac":3,"minecraft:diorite":1,"minecraft:white_bed":2,"minecraft:arrow":2,"minecraft:rotten_flesh":1,"minecraft:hay_block":41,"minecraft:oak_sapling":1,"minecraft:mutton":5,"minecraft:coal":67,"minecraft:cobblestone":46,"minecraft:white_wool":3},"minecraft:killed":{"minecraft:pig":3,"minecraft:spider":1,"minecraft:squid":1,"minecraft:sheep":3,"minecraft:skeleton":1,"minecraft:zombie":1,"minecraft:chicken":7,"minecraft:cow":4},"minecraft:dropped":{"minecraft:raw_iron":1,"minecraft:dirt":2,"minecraft:diorite":1},"minecraft:crafted":{"minecraft:cooked_beef":5,"minecraft:oak_planks":36,"minecraft:emerald":18,"minecraft:crafting_table":1,"minecraft:wooden_pickaxe":1,"minecraft:furnace":1,"minecraft:stone_axe":1,"minecraft:air":0,"minecraft:stick":16,"minecraft:stone_pickaxe":1,"minecraft:wooden_axe":1,"minecraft:white_bed":1,"minecraft:torch":32,"minecraft:wheat":369}},"DataVersion":3465}